{"AuxAudioDevice1":{"balance":0.5,"deinterlace_field_order":0,"deinterlace_mode":0,"enabled":true,"flags":0,"hotkeys":{"libobs.mute":[],"libobs.push-to-mute":[],"libobs.push-to-talk":[],"libobs.unmute":[]},"id":"coreaudio_input_capture","mixers":255,"monitoring_type":0,"muted":false,"name":"Mic/Aux","prev_ver":453050371,"private_settings":{},"push-to-mute":false,"push-to-mute-delay":0,"push-to-talk":false,"push-to-talk-delay":0,"settings":{"device_id":"AppleUSBAudioEngine:Plantronics:Plantronics BT600:2c4a1c67b1127a4ca1312aba687adab3:1"},"sync":0,"versioned_id":"coreaudio_input_capture","volume":0.67155516147613525},"current_program_scene":"Intro","current_scene":"Intro","current_transition":"Fade","groups":[{"balance":0.5,"deinterlace_field_order":0,"deinterlace_mode":0,"enabled":true,"flags":0,"hotkeys":{"libobs.hide_scene_item.Name BG":[],"libobs.hide_scene_item.Presenter name":[],"libobs.hide_scene_item.Presenter title":[],"libobs.show_scene_item.Name BG":[],"libobs.show_scene_item.Presenter name":[],"libobs.show_scene_item.Presenter title":[]},"id":"group","mixers":0,"monitoring_type":0,"muted":false,"name":"Presenter info","prev_ver":453050371,"private_settings":{},"push-to-mute":false,"push-to-mute-delay":0,"push-to-talk":false,"push-to-talk-delay":0,"settings":{"custom_size":true,"cx":352,"cy":115,"id_counter":0,"items":[{"align":5,"bounds":{"x":0.0,"y":0.0},"bounds_align":0,"bounds_type":0,"crop_bottom":0,"crop_left":0,"crop_right":0,"crop_top":0,"group_item_backup":false,"hide_transition":{"duration":300},"id":8,"locked":true,"name":"Name BG","pos":{"x":0.0,"y":0.0},"private_settings":{},"rot":0.0,"scale":{"x":0.36065572500228882,"y":0.36050155758857727},"scale_filter":"disable","show_transition":{"duration":300},"visible":true},{"align":5,"bounds":{"x":0.0,"y":0.0},"bounds_align":0,"bounds_type":0,"crop_bottom":0,"crop_left":0,"crop_right":0,"crop_top":0,"group_item_backup":false,"hide_transition":{"duration":300},"id":5,"locked":true,"name":"Presenter name","pos":{"x":49.0,"y":19.04547119140625},"private_settings":{},"rot":0.0,"scale":{"x":0.76777249574661255,"y":0.77272725105285645},"scale_filter":"disable","show_transition":{"duration":300},"visible":true},{"align":5,"bounds":{"x":0.0,"y":0.0},"bounds_align":0,"bounds_type":0,"crop_bottom":0,"crop_left":0,"crop_right":0,"crop_top":0,"group_item_backup":false,"hide_transition":{"duration":0},"id":7,"locked":true,"name":"Presenter title","pos":{"x":48.0,"y":57.04547119140625},"private_settings":{},"rot":0.0,"scale":{"x":0.76777249574661255,"y":0.77272725105285645},"scale_filter":"disable","show_transition":{"duration":300},"visible":true}]},"sync":0,"versioned_id":"group","volume":1.0},{"balance":0.5,"deinterlace_field_order":0,"deinterlace_mode":0,"enabled":true,"flags":0,"hotkeys":{"libobs.hide_scene_item.GitHub":[],"libobs.hide_scene_item.LinkedIn":[],"libobs.hide_scene_item.Slack":[],"libobs.hide_scene_item.Social":[],"libobs.hide_scene_item.Twitter":[],"libobs.show_scene_item.GitHub":[],"libobs.show_scene_item.LinkedIn":[],"libobs.show_scene_item.Slack":[],"libobs.show_scene_item.Social":[],"libobs.show_scene_item.Twitter":[]},"id":"group","mixers":0,"monitoring_type":0,"muted":false,"name":"Social links","prev_ver":453050371,"private_settings":{},"push-to-mute":false,"push-to-mute-delay":0,"push-to-talk":false,"push-to-talk-delay":0,"settings":{"custom_size":true,"cx":645,"cy":435,"id_counter":0,"items":[{"align":5,"bounds":{"x":0.0,"y":0.0},"bounds_align":0,"bounds_type":0,"crop_bottom":0,"crop_left":0,"crop_right":0,"crop_top":0,"group_item_backup":false,"hide_transition":{"duration":0},"id":7,"locked":true,"name":"Social","pos":{"x":146.0,"y":0.0},"private_settings":{},"rot":0.0,"scale":{"x":1.0,"y":1.0},"scale_filter":"disable","show_transition":{"duration":0},"visible":true},{"align":5,"bounds":{"x":0.0,"y":0.0},"bounds_align":0,"bounds_type":0,"crop_bottom":0,"crop_left":0,"crop_right":0,"crop_top":0,"group_item_backup":false,"hide_transition":{"duration":0},"id":8,"locked":true,"name":"Twitter","pos":{"x":3.0,"y":2.0},"private_settings":{},"rot":0.0,"scale":{"x":1.0,"y":1.0},"scale_filter":"disable","show_transition":{"duration":0},"visible":true},{"align":5,"bounds":{"x":0.0,"y":0.0},"bounds_align":0,"bounds_type":0,"crop_bottom":0,"crop_left":0,"crop_right":0,"crop_top":0,"group_item_backup":false,"hide_transition":{"duration":0},"id":9,"locked":true,"name":"LinkedIn","pos":{"x":3.0,"y":360.0},"private_settings":{},"rot":0.0,"scale":{"x":1.0,"y":1.0},"scale_filter":"disable","show_transition":{"duration":0},"visible":true},{"align":5,"bounds":{"x":0.0,"y":0.0},"bounds_align":0,"bounds_type":0,"crop_bottom":0,"crop_left":0,"crop_right":0,"crop_top":0,"group_item_backup":false,"hide_transition":{"duration":0},"id":10,"locked":true,"name":"GitHub","pos":{"x":1.0,"y":243.0},"private_settings":{},"rot":0.0,"scale":{"x":1.0,"y":1.0},"scale_filter":"disable","show_transition":{"duration":0},"visible":true},{"align":5,"bounds":{"x":0.0,"y":0.0},"bounds_align":0,"bounds_type":0,"crop_bottom":0,"crop_left":0,"crop_right":0,"crop_top":0,"group_item_backup":false,"hide_transition":{"duration":0},"id":11,"locked":true,"name":"Slack","pos":{"x":0.0,"y":123.0},"private_settings":{},"rot":0.0,"scale":{"x":1.0,"y":1.0},"scale_filter":"disable","show_transition":{"duration":0},"visible":true}]},"sync":0,"versioned_id":"group","volume":1.0}],"modules":{"auto-scene-switcher":{"active":false,"interval":300,"non_matching_scene":"","switch_if_not_matching":false,"switches":[]},"decklink_captions":{"source":""},"output-timer":{"autoStartRecordTimer":false,"autoStartStreamTimer":false,"pauseRecordTimer":true,"recordTimerHours":0,"recordTimerMinutes":0,"recordTimerSeconds":30,"streamTimerHours":0,"streamTimerMinutes":0,"streamTimerSeconds":30},"scripts-tool":[{"path":"/Users/pkosiec/Dropbox/capact/scripts/next-scene.lua","settings":{"next_scene.trigger":[{"command":true,"control":true,"key":"OBS_KEY_PERIOD"}],"prev_scene.trigger":[{"command":true,"control":true,"key":"OBS_KEY_COMMA"}]}}]},"name":"capact-default","preview_locked":false,"quick_transitions":[{"duration":300,"fade_to_black":false,"hotkeys":[],"id":1,"name":"Cut"},{"duration":300,"fade_to_black":false,"hotkeys":[],"id":2,"name":"Fade"},{"duration":300,"fade_to_black":true,"hotkeys":[],"id":3,"name":"Fade"}],"saved_projectors":[],"scaling_enabled":false,"scaling_level":0,"scaling_off_x":0.0,"scaling_off_y":0.0,"scene_order":[{"name":"Intro"},{"name":"Content - webcam with name"},{"name":"Content - webcam default"},{"name":"Content - webcam secondary"},{"name":"Content - no webcam"},{"name":"Ending"}],"sources":[{"balance":0.5,"deinterlace_field_order":0,"deinterlace_mode":0,"enabled":true,"flags":0,"hotkeys":{},"id":"text_ft2_source","mixers":0,"monitoring_type":0,"muted":false,"name":"Learn more","prev_ver":453050371,"private_settings":{},"push-to-mute":false,"push-to-mute-delay":0,"push-to-talk":false,"push-to-talk-delay":0,"settings":{"antialiasing":true,"color1":4278190080,"color2":4278190080,"custom_width":3,"drop_shadow":false,"font":{"face":"Fira Sans","flags":0,"size":100,"style":"Regular"},"log_lines":6,"log_mode":false,"outline":false,"text":"Learn more on capact.io","undo_sname":"Presentation Description","word_wrap":true},"sync":0,"versioned_id":"text_ft2_source_v2","volume":1.0},{"balance":0.5,"deinterlace_field_order":0,"deinterlace_mode":0,"enabled":true,"flags":0,"hotkeys":{},"id":"image_source","mixers":0,"monitoring_type":0,"muted":false,"name":"Slack","prev_ver":453050371,"private_settings":{},"push-to-mute":false,"push-to-mute-delay":0,"push-to-talk":false,"push-to-talk-delay":0,"settings":{"file":"/Users/Shared/obs-studio/capact/assets/slack.png"},"sync":0,"versioned_id":"image_source","volume":1.0},{"balance":0.5,"deinterlace_field_order":0,"deinterlace_mode":0,"enabled":true,"flags":0,"hotkeys":{},"id":"image_source","mixers":0,"monitoring_type":0,"muted":false,"name":"GitHub","prev_ver":453050371,"private_settings":{},"push-to-mute":false,"push-to-mute-delay":0,"push-to-talk":false,"push-to-talk-delay":0,"settings":{"file":"/Users/Shared/obs-studio/capact/assets/github.png"},"sync":0,"versioned_id":"image_source","volume":1.0},{"balance":0.5,"deinterlace_field_order":0,"deinterlace_mode":0,"enabled":true,"flags":0,"hotkeys":{},"id":"image_source","mixers":0,"monitoring_type":0,"muted":false,"name":"LinkedIn","prev_ver":453050371,"private_settings":{},"push-to-mute":false,"push-to-mute-delay":0,"push-to-talk":false,"push-to-talk-delay":0,"settings":{"file":"/Users/Shared/obs-studio/capact/assets/linkedin.png"},"sync":0,"versioned_id":"image_source","volume":1.0},{"balance":0.5,"deinterlace_field_order":0,"deinterlace_mode":0,"enabled":true,"flags":0,"hotkeys":{},"id":"image_source","mixers":0,"monitoring_type":0,"muted":false,"name":"Twitter","prev_ver":453050371,"private_settings":{},"push-to-mute":false,"push-to-mute-delay":0,"push-to-talk":false,"push-to-talk-delay":0,"settings":{"file":"/Users/Shared/obs-studio/capact/assets/twitter.png"},"sync":0,"versioned_id":"image_source","volume":1.0},{"balance":0.5,"deinterlace_field_order":0,"deinterlace_mode":0,"enabled":true,"flags":0,"hotkeys":{},"id":"text_ft2_source","mixers":0,"monitoring_type":0,"muted":false,"name":"Social","prev_ver":453050371,"private_settings":{},"push-to-mute":false,"push-to-mute-delay":0,"push-to-talk":false,"push-to-talk-delay":0,"settings":{"font":{"face":"Fira Sans","flags":0,"size":40,"style":"Regular"},"text":"github.com/capactio\n\ncapact.io/community/slack\n\ntwitter.com/capactio\n\nlinkedin.com/in/capactio","word_wrap":false},"sync":0,"versioned_id":"text_ft2_source_v2","volume":1.0},{"balance":0.5,"deinterlace_field_order":0,"deinterlace_mode":0,"enabled":true,"flags":0,"hotkeys":{},"id":"color_source","mixers":0,"monitoring_type":0,"muted":false,"name":"Capact Color 3","prev_ver":453050371,"private_settings":{},"push-to-mute":false,"push-to-mute-delay":0,"push-to-talk":false,"push-to-talk-delay":0,"settings":{"color":4279089919},"sync":0,"versioned_id":"color_source_v3","volume":1.0},{"balance":0.5,"deinterlace_field_order":0,"deinterlace_mode":0,"enabled":true,"flags":0,"hotkeys":{},"id":"text_ft2_source","mixers":0,"monitoring_type":0,"muted":false,"name":"Thank you","prev_ver":453050371,"private_settings":{},"push-to-mute":false,"push-to-mute-delay":0,"push-to-talk":false,"push-to-talk-delay":0,"settings":{"antialiasing":true,"color1":4278190080,"color2":4278190080,"custom_width":3,"drop_shadow":false,"font":{"face":"Barlow","flags":1,"size":200,"style":"Bold"},"log_lines":6,"outline":false,"text":"Thank you.","undo_sname":"Presentation Title","word_wrap":true},"sync":0,"versioned_id":"text_ft2_source_v2","volume":1.0},{"balance":0.5,"deinterlace_field_order":0,"deinterlace_mode":0,"enabled":true,"flags":0,"hotkeys":{"OBSBasic.SelectScene":[],"libobs.hide_scene_item.Capact Color 3":[],"libobs.hide_scene_item.Intro logo":[],"libobs.hide_scene_item.Learn more":[],"libobs.hide_scene_item.Social BG":[],"libobs.hide_scene_item.Social links":[],"libobs.hide_scene_item.Thank you":[],"libobs.show_scene_item.Capact Color 3":[],"libobs.show_scene_item.Intro logo":[],"libobs.show_scene_item.Learn more":[],"libobs.show_scene_item.Social BG":[],"libobs.show_scene_item.Social links":[],"libobs.show_scene_item.Thank you":[]},"id":"scene","mixers":0,"monitoring_type":0,"muted":false,"name":"Ending","prev_ver":453050371,"private_settings":{"show_in_multiview":true,"transition":""},"push-to-mute":false,"push-to-mute-delay":0,"push-to-talk":false,"push-to-talk-delay":0,"settings":{"custom_size":false,"id_counter":14,"items":[{"align":5,"bounds":{"x":0.0,"y":0.0},"bounds_align":0,"bounds_type":0,"crop_bottom":0,"crop_left":0,"crop_right":0,"crop_top":0,"group_item_backup":false,"hide_transition":{"duration":0},"id":4,"locked":true,"name":"Capact Color 3","pos":{"x":0.0,"y":0.0},"private_settings":{},"rot":0.0,"scale":{"x":1.0,"y":1.0},"scale_filter":"disable","show_transition":{"duration":0},"visible":true},{"align":5,"bounds":{"x":1012.0,"y":1080.0},"bounds_align":0,"bounds_type":1,"crop_bottom":0,"crop_left":0,"crop_right":0,"crop_top":0,"group_item_backup":false,"hide_transition":{"duration":0},"id":14,"locked":true,"name":"Social BG","pos":{"x":908.0,"y":0.0},"private_settings":{},"rot":0.0,"scale":{"x":1.0,"y":1.0},"scale_filter":"disable","show_transition":{"duration":0},"visible":true},{"align":5,"bounds":{"x":0.0,"y":0.0},"bounds_align":0,"bounds_type":0,"crop_bottom":0,"crop_left":0,"crop_right":0,"crop_top":0,"group_item_backup":false,"hide_transition":{"duration":0},"id":2,"locked":true,"name":"Learn more","pos":{"x":68.0,"y":633.2596435546875},"private_settings":{},"rot":0.0,"scale":{"x":0.55299997329711914,"y":0.5528455376625061},"scale_filter":"disable","show_transition":{"duration":0},"visible":true},{"align":5,"bounds":{"x":0.0,"y":0.0},"bounds_align":0,"bounds_type":0,"crop_bottom":0,"crop_left":0,"crop_right":0,"crop_top":0,"group_item_backup":false,"hide_transition":{"duration":0},"id":3,"locked":true,"name":"Thank you","pos":{"x":72.0,"y":498.0},"private_settings":{},"rot":0.0,"scale":{"x":0.51468747854232788,"y":0.51442307233810425},"scale_filter":"disable","show_transition":{"duration":0},"visible":true},{"align":5,"bounds":{"x":0.0,"y":0.0},"bounds_align":0,"bounds_type":0,"crop_bottom":0,"crop_left":0,"crop_right":0,"crop_top":0,"group_item_backup":true,"hide_transition":{"duration":0},"id":7,"locked":true,"name":"Social","pos":{"x":1259.0,"y":394.0},"private_settings":{},"rot":0.0,"scale":{"x":1.0,"y":1.0},"scale_filter":"disable","show_transition":{"duration":0},"visible":true},{"align":5,"bounds":{"x":0.0,"y":0.0},"bounds_align":0,"bounds_type":0,"crop_bottom":0,"crop_left":0,"crop_right":0,"crop_top":0,"group_item_backup":true,"hide_transition":{"duration":0},"id":8,"locked":true,"name":"Twitter","pos":{"x":1116.0,"y":396.0},"private_settings":{},"rot":0.0,"scale":{"x":1.0,"y":1.0},"scale_filter":"disable","show_transition":{"duration":0},"visible":true},{"align":5,"bounds":{"x":0.0,"y":0.0},"bounds_align":0,"bounds_type":0,"crop_bottom":0,"crop_left":0,"crop_right":0,"crop_top":0,"group_item_backup":true,"hide_transition":{"duration":0},"id":9,"locked":true,"name":"LinkedIn","pos":{"x":1116.0,"y":754.0},"private_settings":{},"rot":0.0,"scale":{"x":1.0,"y":1.0},"scale_filter":"disable","show_transition":{"duration":0},"visible":true},{"align":5,"bounds":{"x":0.0,"y":0.0},"bounds_align":0,"bounds_type":0,"crop_bottom":0,"crop_left":0,"crop_right":0,"crop_top":0,"group_item_backup":true,"hide_transition":{"duration":0},"id":10,"locked":true,"name":"GitHub","pos":{"x":1114.0,"y":637.0},"private_settings":{},"rot":0.0,"scale":{"x":1.0,"y":1.0},"scale_filter":"disable","show_transition":{"duration":0},"visible":true},{"align":5,"bounds":{"x":0.0,"y":0.0},"bounds_align":0,"bounds_type":0,"crop_bottom":0,"crop_left":0,"crop_right":0,"crop_top":0,"group_item_backup":true,"hide_transition":{"duration":0},"id":11,"locked":true,"name":"Slack","pos":{"x":1113.0,"y":517.0},"private_settings":{},"rot":0.0,"scale":{"x":1.0,"y":1.0},"scale_filter":"disable","show_transition":{"duration":0},"visible":true},{"align":5,"bounds":{"x":0.0,"y":0.0},"bounds_align":0,"bounds_type":0,"crop_bottom":0,"crop_left":0,"crop_right":0,"crop_top":0,"group_item_backup":false,"hide_transition":{"duration":0},"id":12,"locked":true,"name":"Social links","pos":{"x":1113.0,"y":394.0},"private_settings":{"collapsed":true},"rot":0.0,"scale":{"x":1.0,"y":1.0},"scale_filter":"disable","show_transition":{"duration":0},"visible":true},{"align":5,"bounds":{"x":0.0,"y":0.0},"bounds_align":0,"bounds_type":0,"crop_bottom":0,"crop_left":0,"crop_right":0,"crop_top":0,"group_item_backup":false,"hide_transition":{"duration":0},"id":13,"locked":true,"name":"Intro logo","pos":{"x":18.0,"y":14.0},"private_settings":{},"rot":0.0,"scale":{"x":0.10505007207393646,"y":0.10499999672174454},"scale_filter":"disable","show_transition":{"duration":0},"visible":true}]},"sync":0,"versioned_id":"scene","volume":1.0},{"balance":0.5,"deinterlace_field_order":0,"deinterlace_mode":0,"enabled":true,"flags":0,"hotkeys":{},"id":"text_ft2_source","mixers":0,"monitoring_type":0,"muted":false,"name":"Presentation Title","prev_ver":453050371,"private_settings":{},"push-to-mute":false,"push-to-mute-delay":0,"push-to-talk":false,"push-to-talk-delay":0,"settings":{"antialiasing":true,"color1":4278190080,"color2":4278190080,"custom_width":3,"drop_shadow":false,"font":{"face":"Barlow","flags":1,"size":200,"style":"Bold"},"log_lines":6,"outline":false,"text":"A unified way to manage\napplications and infrastructure","undo_sname":"Presentation Title","word_wrap":true},"sync":0,"versioned_id":"text_ft2_source_v2","volume":1.0},{"balance":0.5,"deinterlace_field_order":0,"deinterlace_mode":0,"enabled":true,"flags":0,"hotkeys":{},"id":"image_source","mixers":0,"monitoring_type":0,"muted":false,"name":"Intro logo","prev_ver":453050371,"private_settings":{},"push-to-mute":false,"push-to-mute-delay":0,"push-to-talk":false,"push-to-talk-delay":0,"settings":{"file":"/Users/Shared/obs-studio/capact/assets/logo-content.png"},"sync":0,"versioned_id":"image_source","volume":1.0},{"balance":0.5,"deinterlace_field_order":0,"deinterlace_mode":0,"enabled":true,"filters":[{"balance":0.5,"deinterlace_field_order":0,"deinterlace_mode":0,"enabled":true,"flags":0,"hotkeys":{},"id":"mask_filter","mixers":0,"monitoring_type":0,"muted":false,"name":"Image Mask/Blend","prev_ver":453050371,"private_settings":{},"push-to-mute":false,"push-to-mute-delay":0,"push-to-talk":false,"push-to-talk-delay":0,"settings":{"color":16777215,"image_path":"/Users/Shared/obs-studio/capact/assets/webcam-mask.png","opacity":1,"type":"mask_color_filter.effect"},"sync":0,"versioned_id":"mask_filter_v2","volume":1.0}],"flags":0,"hotkeys":{},"id":"av_capture_input","mixers":0,"monitoring_type":0,"muted":false,"name":"Webcam","prev_ver":453050371,"private_settings":{},"push-to-mute":false,"push-to-mute-delay":0,"push-to-talk":false,"push-to-talk-delay":0,"settings":{"color_space":-1,"device":"0x8020000005ac8514","device_name":"FaceTime HD Camera (Built-in)","input_format":4294967295,"preset":"AVCaptureSessionPreset960x540","uid":"","use_preset":true,"video_range":-1},"sync":0,"versioned_id":"av_capture_input","volume":1.0},{"balance":0.5,"deinterlace_field_order":0,"deinterlace_mode":0,"enabled":true,"flags":0,"hotkeys":{},"id":"display_capture","mixers":0,"monitoring_type":0,"muted":false,"name":"Display Capture","prev_ver":453050371,"private_settings":{},"push-to-mute":false,"push-to-mute-delay":0,"push-to-talk":false,"push-to-talk-delay":0,"settings":{"display":1},"sync":0,"versioned_id":"display_capture","volume":1.0},{"balance":0.5,"deinterlace_field_order":0,"deinterlace_mode":0,"enabled":true,"flags":0,"hotkeys":{},"id":"color_source","mixers":0,"monitoring_type":0,"muted":false,"name":"Capact Color","prev_ver":453050371,"private_settings":{},"push-to-mute":false,"push-to-mute-delay":0,"push-to-talk":false,"push-to-talk-delay":0,"settings":{"color":4279089919},"sync":0,"versioned_id":"color_source_v3","volume":1.0},{"balance":0.5,"deinterlace_field_order":0,"deinterlace_mode":0,"enabled":true,"flags":0,"hotkeys":{"OBSBasic.SelectScene":[],"libobs.hide_scene_item.Capact Color":[],"libobs.hide_scene_item.Intro logo":[],"libobs.hide_scene_item.Presentation Description":[],"libobs.hide_scene_item.Presentation Title":[],"libobs.hide_scene_item.Website":[],"libobs.show_scene_item.Capact Color":[],"libobs.show_scene_item.Intro logo":[],"libobs.show_scene_item.Presentation Description":[],"libobs.show_scene_item.Presentation Title":[],"libobs.show_scene_item.Website":[]},"id":"scene","mixers":0,"monitoring_type":0,"muted":false,"name":"Intro","prev_ver":453050371,"private_settings":{"transition":""},"push-to-mute":false,"push-to-mute-delay":0,"push-to-talk":false,"push-to-talk-delay":0,"settings":{"custom_size":false,"id_counter":13,"items":[{"align":5,"bounds":{"x":0.0,"y":0.0},"bounds_align":0,"bounds_type":0,"crop_bottom":0,"crop_left":0,"crop_right":0,"crop_top":0,"group_item_backup":false,"hide_transition":{"duration":0},"id":1,"locked":true,"name":"Capact Color","pos":{"x":0.0,"y":0.0},"private_settings":{},"rot":0.0,"scale":{"x":1.0,"y":1.0},"scale_filter":"disable","show_transition":{"duration":0},"visible":true},{"align":5,"bounds":{"x":0.0,"y":0.0},"bounds_align":0,"bounds_type":0,"crop_bottom":0,"crop_left":0,"crop_right":0,"crop_top":0,"group_item_backup":false,"hide_transition":{"duration":0},"id":5,"locked":true,"name":"Intro logo","pos":{"x":18.0,"y":14.0},"private_settings":{},"rot":0.0,"scale":{"x":0.10505007207393646,"y":0.10499999672174454},"scale_filter":"disable","show_transition":{"duration":0},"visible":true},{"align":5,"bounds":{"x":0.0,"y":0.0},"bounds_align":0,"bounds_type":0,"crop_bottom":0,"crop_left":0,"crop_right":0,"crop_top":0,"group_item_backup":false,"hide_transition":{"duration":0},"id":7,"locked":true,"name":"Presentation Title","pos":{"x":75.0,"y":437.0},"private_settings":{},"rot":0.0,"scale":{"x":0.51468747854232788,"y":0.51442307233810425},"scale_filter":"disable","show_transition":{"duration":0},"visible":true},{"align":5,"bounds":{"x":0.0,"y":0.0},"bounds_align":0,"bounds_type":0,"crop_bottom":0,"crop_left":0,"crop_right":0,"crop_top":0,"group_item_backup":false,"hide_transition":{"duration":0},"id":8,"locked":true,"name":"Presentation Description","pos":{"x":76.0,"y":692.0},"private_settings":{},"rot":0.0,"scale":{"x":0.55299997329711914,"y":0.5528455376625061},"scale_filter":"disable","show_transition":{"duration":0},"visible":true},{"align":5,"bounds":{"x":0.0,"y":0.0},"bounds_align":0,"bounds_type":0,"crop_bottom":0,"crop_left":0,"crop_right":0,"crop_top":0,"group_item_backup":false,"hide_transition":{"duration":0},"id":12,"locked":true,"name":"Website","pos":{"x":1644.0,"y":84.0},"private_settings":{},"rot":0.0,"scale":{"x":0.55299997329711914,"y":0.5528455376625061},"scale_filter":"disable","show_transition":{"duration":0},"visible":true}]},"sync":0,"versioned_id":"scene","volume":1.0},{"balance":0.5,"deinterlace_field_order":0,"deinterlace_mode":0,"enabled":true,"flags":0,"hotkeys":{},"id":"text_ft2_source","mixers":0,"monitoring_type":0,"muted":false,"name":"Presentation Description","prev_ver":453050371,"private_settings":{},"push-to-mute":false,"push-to-mute-delay":0,"push-to-talk":false,"push-to-talk-delay":0,"settings":{"antialiasing":true,"color1":4278190080,"color2":4278190080,"custom_width":3,"drop_shadow":false,"font":{"face":"Fira Sans","flags":0,"size":93,"style":"Regular"},"log_lines":6,"outline":false,"text":"Introduction to Capact concept","undo_sname":"Presentation Description","word_wrap":true},"sync":0,"versioned_id":"text_ft2_source_v2","volume":1.0},{"balance":0.5,"deinterlace_field_order":0,"deinterlace_mode":0,"enabled":true,"flags":0,"hotkeys":{},"id":"color_source","mixers":0,"monitoring_type":0,"muted":false,"name":"Capact Color 2","prev_ver":453050371,"private_settings":{},"push-to-mute":false,"push-to-mute-delay":0,"push-to-talk":false,"push-to-talk-delay":0,"settings":{"color":4294375158,"height":1080,"undo_sname":"Capact Color 2","width":1920},"sync":0,"versioned_id":"color_source_v3","volume":1.0},{"balance":0.5,"deinterlace_field_order":0,"deinterlace_mode":0,"enabled":true,"flags":0,"hotkeys":{},"id":"image_source","mixers":0,"monitoring_type":0,"muted":false,"name":"Logo","prev_ver":453050371,"private_settings":{},"push-to-mute":false,"push-to-mute-delay":0,"push-to-talk":false,"push-to-talk-delay":0,"settings":{"file":"/Users/Shared/obs-studio/capact/assets/logo-content.png"},"sync":0,"versioned_id":"image_source","volume":1.0},{"balance":0.5,"deinterlace_field_order":0,"deinterlace_mode":0,"enabled":true,"flags":0,"hotkeys":{"OBSBasic.SelectScene":[],"libobs.hide_scene_item.Content - no webcam":[],"libobs.hide_scene_item.Webcam":[],"libobs.show_scene_item.Content - no webcam":[],"libobs.show_scene_item.Webcam":[]},"id":"scene","mixers":0,"monitoring_type":0,"muted":false,"name":"Content - webcam default","prev_ver":453050371,"private_settings":{"transition":""},"push-to-mute":false,"push-to-mute-delay":0,"push-to-talk":false,"push-to-talk-delay":0,"settings":{"custom_size":false,"id_counter":6,"items":[{"align":5,"bounds":{"x":0.0,"y":0.0},"bounds_align":0,"bounds_type":0,"crop_bottom":0,"crop_left":0,"crop_right":0,"crop_top":0,"group_item_backup":false,"hide_transition":{"duration":0},"id":6,"locked":true,"name":"Content - no webcam","pos":{"x":0.0,"y":0.0},"private_settings":{},"rot":0.0,"scale":{"x":1.0,"y":1.0},"scale_filter":"disable","show_transition":{"duration":0},"visible":true},{"align":5,"bounds":{"x":0.0,"y":0.0},"bounds_align":0,"bounds_type":0,"crop_bottom":0,"crop_left":0,"crop_right":0,"crop_top":0,"group_item_backup":false,"hide_transition":{"duration":0},"id":3,"locked":true,"name":"Webcam","pos":{"x":-80.0,"y":720.0},"private_settings":{},"rot":0.0,"scale":{"x":0.58437502384185791,"y":0.58518517017364502},"scale_filter":"disable","show_transition":{"duration":300,"id":"swipe_transition","name":"Webcam Show Transition","transition":{"direction":"left"},"versioned_id":"swipe_transition"},"visible":true}]},"sync":0,"versioned_id":"scene","volume":1.0},{"balance":0.5,"deinterlace_field_order":0,"deinterlace_mode":0,"enabled":true,"flags":0,"hotkeys":{"OBSBasic.SelectScene":[],"libobs.hide_scene_item.Capact Color 2":[],"libobs.hide_scene_item.Display Capture":[],"libobs.hide_scene_item.Logo":[],"libobs.show_scene_item.Capact Color 2":[],"libobs.show_scene_item.Display Capture":[],"libobs.show_scene_item.Logo":[]},"id":"scene","mixers":0,"monitoring_type":0,"muted":false,"name":"Content - no webcam","prev_ver":453050371,"private_settings":{},"push-to-mute":false,"push-to-mute-delay":0,"push-to-talk":false,"push-to-talk-delay":0,"settings":{"custom_size":false,"id_counter":5,"items":[{"align":5,"bounds":{"x":0.0,"y":0.0},"bounds_align":0,"bounds_type":0,"crop_bottom":0,"crop_left":0,"crop_right":0,"crop_top":0,"group_item_backup":false,"hide_transition":{"duration":0},"id":1,"locked":true,"name":"Capact Color 2","pos":{"x":0.0,"y":0.0},"private_settings":{},"rot":0.0,"scale":{"x":1.0,"y":1.0},"scale_filter":"disable","show_transition":{"duration":0},"visible":true},{"align":5,"bounds":{"x":0.0,"y":0.0},"bounds_align":0,"bounds_type":0,"crop_bottom":0,"crop_left":0,"crop_right":0,"crop_top":0,"group_item_backup":false,"hide_transition":{"duration":0},"id":4,"locked":true,"name":"Logo","pos":{"x":13.0,"y":11.0},"private_settings":{},"rot":0.0,"scale":{"x":0.069465160369873047,"y":0.069499999284744263},"scale_filter":"disable","show_transition":{"duration":0},"visible":true},{"align":5,"bounds":{"x":0.0,"y":0.0},"bounds_align":0,"bounds_type":0,"crop_bottom":0,"crop_left":0,"crop_right":0,"crop_top":0,"group_item_backup":false,"hide_transition":{"duration":0},"id":5,"locked":true,"name":"Display Capture","pos":{"x":339.0,"y":67.0},"private_settings":{},"rot":0.0,"scale":{"x":0.4210379421710968,"y":0.42098215222358704},"scale_filter":"disable","show_transition":{"duration":0},"visible":true}]},"sync":0,"versioned_id":"scene","volume":1.0},{"balance":0.5,"deinterlace_field_order":0,"deinterlace_mode":0,"enabled":true,"flags":0,"hotkeys":{"OBSBasic.SelectScene":[],"libobs.hide_scene_item.Capact Color 2":[],"libobs.hide_scene_item.Display Capture":[],"libobs.hide_scene_item.Logo":[],"libobs.hide_scene_item.Presenter info":[],"libobs.hide_scene_item.Webcam":[],"libobs.show_scene_item.Capact Color 2":[],"libobs.show_scene_item.Display Capture":[],"libobs.show_scene_item.Logo":[],"libobs.show_scene_item.Presenter info":[],"libobs.show_scene_item.Webcam":[]},"id":"scene","mixers":0,"monitoring_type":0,"muted":false,"name":"Content - webcam with name","prev_ver":453050371,"private_settings":{"transition":""},"push-to-mute":false,"push-to-mute-delay":0,"push-to-talk":false,"push-to-talk-delay":0,"settings":{"custom_size":false,"id_counter":9,"items":[{"align":5,"bounds":{"x":0.0,"y":0.0},"bounds_align":0,"bounds_type":0,"crop_bottom":0,"crop_left":0,"crop_right":0,"crop_top":0,"group_item_backup":false,"hide_transition":{"duration":0},"id":1,"locked":true,"name":"Capact Color 2","pos":{"x":0.0,"y":0.0},"private_settings":{},"rot":0.0,"scale":{"x":1.0,"y":1.0},"scale_filter":"disable","show_transition":{"duration":0},"visible":true},{"align":5,"bounds":{"x":0.0,"y":0.0},"bounds_align":0,"bounds_type":0,"crop_bottom":0,"crop_left":0,"crop_right":0,"crop_top":0,"group_item_backup":false,"hide_transition":{"duration":0},"id":2,"locked":true,"name":"Display Capture","pos":{"x":339.0,"y":67.0},"private_settings":{},"rot":0.0,"scale":{"x":0.4210379421710968,"y":0.42098215222358704},"scale_filter":"disable","show_transition":{"duration":0},"visible":true},{"align":5,"bounds":{"x":0.0,"y":0.0},"bounds_align":0,"bounds_type":0,"crop_bottom":0,"crop_left":0,"crop_right":0,"crop_top":0,"group_item_backup":false,"hide_transition":{"duration":0},"id":4,"locked":true,"name":"Logo","pos":{"x":13.0,"y":11.0},"private_settings":{},"rot":0.0,"scale":{"x":0.069465160369873047,"y":0.069499999284744263},"scale_filter":"disable","show_transition":{"duration":0},"visible":true},{"align":5,"bounds":{"x":0.0,"y":0.0},"bounds_align":0,"bounds_type":0,"crop_bottom":0,"crop_left":0,"crop_right":0,"crop_top":0,"group_item_backup":true,"hide_transition":{"duration":300},"id":8,"locked":true,"name":"Name BG","pos":{"x":335.0,"y":919.95452880859375},"private_settings":{},"rot":0.0,"scale":{"x":0.36065572500228882,"y":0.36050155758857727},"scale_filter":"disable","show_transition":{"duration":300},"visible":true},{"align":5,"bounds":{"x":0.0,"y":0.0},"bounds_align":0,"bounds_type":0,"crop_bottom":0,"crop_left":0,"crop_right":0,"crop_top":0,"group_item_backup":true,"hide_transition":{"duration":300},"id":5,"locked":true,"name":"Presenter name","pos":{"x":384.0,"y":939.0},"private_settings":{},"rot":0.0,"scale":{"x":0.76777249574661255,"y":0.77272725105285645},"scale_filter":"disable","show_transition":{"duration":300},"visible":true},{"align":5,"bounds":{"x":0.0,"y":0.0},"bounds_align":0,"bounds_type":0,"crop_bottom":0,"crop_left":0,"crop_right":0,"crop_top":0,"group_item_backup":true,"hide_transition":{"duration":0},"id":7,"locked":true,"name":"Presenter title","pos":{"x":383.0,"y":977.0},"private_settings":{},"rot":0.0,"scale":{"x":0.76777249574661255,"y":0.77272725105285645},"scale_filter":"disable","show_transition":{"duration":300},"visible":true},{"align":5,"bounds":{"x":0.0,"y":0.0},"bounds_align":0,"bounds_type":0,"crop_bottom":0,"crop_left":0,"crop_right":0,"crop_top":0,"group_item_backup":false,"hide_transition":{"duration":0},"id":9,"locked":true,"name":"Presenter info","pos":{"x":335.0,"y":919.95452880859375},"private_settings":{"collapsed":false},"rot":0.0,"scale":{"x":1.0,"y":1.0},"scale_filter":"disable","show_transition":{"duration":0},"visible":true},{"align":5,"bounds":{"x":0.0,"y":0.0},"bounds_align":0,"bounds_type":0,"crop_bottom":0,"crop_left":0,"crop_right":0,"crop_top":0,"group_item_backup":false,"hide_transition":{"duration":0},"id":3,"locked":true,"name":"Webcam","pos":{"x":-80.0,"y":720.0},"private_settings":{},"rot":0.0,"scale":{"x":0.58437502384185791,"y":0.58518517017364502},"scale_filter":"disable","show_transition":{"duration":300,"id":"slide_transition","name":"Webcam Show Transition","transition":{},"versioned_id":"slide_transition"},"visible":true}]},"sync":0,"versioned_id":"scene","volume":1.0},{"balance":0.5,"deinterlace_field_order":0,"deinterlace_mode":0,"enabled":true,"flags":0,"hotkeys":{},"id":"text_ft2_source","mixers":0,"monitoring_type":0,"muted":false,"name":"Presenter name","prev_ver":453050371,"private_settings":{},"push-to-mute":false,"push-to-mute-delay":0,"push-to-talk":false,"push-to-talk-delay":0,"settings":{"antialiasing":true,"color1":4278190080,"color2":4278190080,"custom_width":3,"drop_shadow":false,"font":{"face":"Barlow","flags":1,"size":43,"style":"Bold"},"log_lines":6,"outline":false,"text":"Paweł Kosiec","undo_sname":"Presenter name","word_wrap":true},"sync":0,"versioned_id":"text_ft2_source_v2","volume":1.0},{"balance":0.5,"deinterlace_field_order":0,"deinterlace_mode":0,"enabled":true,"flags":0,"hotkeys":{},"id":"text_ft2_source","mixers":0,"monitoring_type":0,"muted":false,"name":"Presenter title","prev_ver":453050371,"private_settings":{},"push-to-mute":false,"push-to-mute-delay":0,"push-to-talk":false,"push-to-talk-delay":0,"settings":{"antialiasing":true,"color1":4278190080,"color2":4278190080,"custom_width":3,"drop_shadow":false,"font":{"face":"Fira Sans","flags":0,"size":38,"style":"Regular"},"log_lines":6,"outline":false,"text":"Capact Maintainer","undo_sname":"Title","word_wrap":true},"sync":0,"versioned_id":"text_ft2_source_v2","volume":1.0},{"balance":0.5,"deinterlace_field_order":0,"deinterlace_mode":0,"enabled":true,"flags":0,"hotkeys":{},"id":"image_source","mixers":0,"monitoring_type":0,"muted":false,"name":"Name BG","prev_ver":453050371,"private_settings":{},"push-to-mute":false,"push-to-mute-delay":0,"push-to-talk":false,"push-to-talk-delay":0,"settings":{"file":"/Users/Shared/obs-studio/capact/assets/name-bg-yellow.png","linear_alpha":false},"sync":0,"versioned_id":"image_source","volume":1.0},{"balance":0.5,"deinterlace_field_order":0,"deinterlace_mode":0,"enabled":true,"flags":0,"hotkeys":{},"id":"text_ft2_source","mixers":0,"monitoring_type":0,"muted":false,"name":"Website","prev_ver":453050371,"private_settings":{},"push-to-mute":false,"push-to-mute-delay":0,"push-to-talk":false,"push-to-talk-delay":0,"settings":{"antialiasing":true,"color1":4278190080,"color2":4278190080,"custom_width":5,"drop_shadow":false,"font":{"face":"Fira Sans","flags":0,"size":80,"style":"Regular"},"log_lines":6,"outline":false,"text":"capact.io","undo_sname":"Title","word_wrap":true},"sync":0,"versioned_id":"text_ft2_source_v2","volume":1.0},{"balance":0.5,"deinterlace_field_order":0,"deinterlace_mode":0,"enabled":true,"flags":0,"hotkeys":{},"id":"color_source","mixers":0,"monitoring_type":0,"muted":false,"name":"Social BG","prev_ver":453050371,"private_settings":{},"push-to-mute":false,"push-to-mute-delay":0,"push-to-talk":false,"push-to-talk-delay":0,"settings":{"color":4279831552},"sync":0,"versioned_id":"color_source_v3","volume":1.0},{"balance":0.5,"deinterlace_field_order":0,"deinterlace_mode":0,"enabled":true,"flags":0,"hotkeys":{"OBSBasic.SelectScene":[],"libobs.hide_scene_item.Content - no webcam":[],"libobs.hide_scene_item.Webcam":[],"libobs.show_scene_item.Content - no webcam":[],"libobs.show_scene_item.Webcam":[]},"id":"scene","mixers":0,"monitoring_type":0,"muted":false,"name":"Content - webcam secondary","prev_ver":453050371,"private_settings":{"transition":""},"push-to-mute":false,"push-to-mute-delay":0,"push-to-talk":false,"push-to-talk-delay":0,"settings":{"custom_size":false,"id_counter":2,"items":[{"align":5,"bounds":{"x":0.0,"y":0.0},"bounds_align":0,"bounds_type":0,"crop_bottom":0,"crop_left":0,"crop_right":0,"crop_top":0,"group_item_backup":false,"hide_transition":{"duration":0},"id":1,"locked":true,"name":"Content - no webcam","pos":{"x":0.0,"y":0.0},"private_settings":{},"rot":0.0,"scale":{"x":1.0,"y":1.0},"scale_filter":"disable","show_transition":{"duration":0},"visible":true},{"align":5,"bounds":{"x":0.0,"y":0.0},"bounds_align":0,"bounds_type":0,"crop_bottom":0,"crop_left":0,"crop_right":0,"crop_top":0,"group_item_backup":false,"hide_transition":{"duration":0},"id":2,"locked":true,"name":"Webcam","pos":{"x":-80.0,"y":731.0},"private_settings":{},"rot":0.0,"scale":{"x":0.51875001192092896,"y":0.51851850748062134},"scale_filter":"disable","show_transition":{"duration":300,"id":"swipe_transition","name":"Webcam Show Transition","transition":{"direction":"left"},"versioned_id":"swipe_transition"},"visible":true}]},"sync":0,"versioned_id":"scene","volume":1.0}],"transition_duration":300,"transitions":[{"id":"swipe_transition","name":"Swipe","settings":{"direction":"left","swipe_in":true}},{"id":"move_transition","name":"Move","settings":{"transition_in":"None","transition_match":"None","transition_out":"None"}}]}